id,date,libelle,categorie,type,montant,anomalie
1,2025-01-01,LOYER MAGASIN GRAND YOFF,631 - Loyer local commercial,charge,150000,0
2,2025-01-01,SALAIRES EMPLOYES DU MOIS,621 - Salaires et charges,charge,309934,0
3,2025-01-01,FACTURE SONATEL ORANGE PRO,626 - Télécommunications,charge,24308,0
4,2025-01-01,ELECTRICITE ET EAU MENSUELLE,641 - Eau et électricité,charge,47772,0
5,2025-01-01,APPROVISIONNEMENT STOCKS GROSSISTE,601 - Achats marchandises,charge,401842,0
6,2025-01-01,VENTES MARCHANDISES COMPTOIR,701 - Ventes de marchandises,produit,165950,0
7,2025-01-02,RECETTE WAVE ORANGE MONEY,701 - Ventes de marchandises,produit,165951,0
8,2025-01-02,IMPRESSION FLYERS ET AFFICHES,627 - Publicité et promotion,charge,84480,0
9,2025-01-02,HONORAIRES CONSEIL ET FORMATION,706 - Prestations de services,produit,111860,0
10,2025-01-03,RECETTE WAVE ORANGE MONEY,701 - Ventes de marchandises,produit,212553,0
11,2025-01-03,FOURNISSEUR DIALLO IMPORT-EXPORT,601 - Achats marchandises,charge,242442,0
12,2025-01-04,RECETTE WAVE ORANGE MONEY,701 - Ventes de marchandises,produit,152194,0
13,2025-01-06,FOURNISSEUR DIALLO IMPORT-EXPORT,601 - Achats marchandises,charge,242741,0
14,2025-01-06,VENTE AU DETAIL BOUTIQUE,701 - Ventes de marchandises,produit,194517,0
15,2025-01-07,ENCAISSEMENT CLIENT YOFF,701 - Ventes de marchandises,produit,65203,0
16,2025-01-07,IMPRESSION FLYERS ET AFFICHES,627 - Publicité et promotion,charge,1877,0
17,2025-01-08,APPROVISIONNEMENT STOCKS GROSSISTE,601 - Achats marchandises,charge,235016,0
18,2025-01-08,RECETTE WAVE ORANGE MONEY,701 - Ventes de marchandises,produit,119230,0
19,2025-01-08,LOCATION MATERIEL,706 - Prestations de services,produit,95998,0
20,2025-01-09,IMPRESSION FLYERS ET AFFICHES,627 - Publicité et promotion,charge,9692,0
21,2025-01-09,RECETTE WAVE ORANGE MONEY,701 - Ventes de marchandises,produit,125518,0
22,2025-01-10,FOURNISSEUR BA ET FRERES,601 - Achats marchandises,charge,397251,0
23,2025-01-10,ENCAISSEMENT CLIENT YOFF,701 - Ventes de marchandises,produit,166453,0
24,2025-01-11,RECETTE JOURNALIERE CAISSE,701 - Ventes de marchandises,produit,184051,0
25,2025-01-13,ACHAT MARCHANDISES MARCHE SANDAGA,601 - Achats marchandises,charge,166020,0
26,2025-01-13,VENTE AU DETAIL BOUTIQUE,701 - Ventes de marchandises,produit,147337,0
27,2025-01-14,ENCAISSEMENT CLIENT YOFF,701 - Ventes de marchandises,produit,186655,0
28,2025-01-14,PUBLICITE FACEBOOK ADS,627 - Publicité et promotion,charge,16225,0
29,2025-01-15,RECETTE WAVE ORANGE MONEY,701 - Ventes de marchandises,produit,143961,0
30,2025-01-15,ACHAT MARCHANDISES MARCHE SANDAGA,601 - Achats marchandises,charge,310055,0
31,2025-01-16,VENTES MARCHANDISES COMPTOIR,701 - Ventes de marchandises,produit,162498,0
32,2025-01-16,PANNEAU PUBLICITAIRE ROUTE,627 - Publicité et promotion,charge,29957,0
33,2025-01-17,FOURNISSEUR BA ET FRERES,601 - Achats marchandises,charge,428182,0
34,2025-01-17,VENTES MARCHANDISES COMPTOIR,701 - Ventes de marchandises,produit,179190,0
35,2025-01-18,RECETTE JOURNALIERE CAISSE,701 - Ventes de marchandises,produit,116537,0
36,2025-01-18,SERVICE LIVRAISON A DOMICILE,706 - Prestations de services,produit,113789,0
37,2025-01-19,SERVICE LIVRAISON A DOMICILE,706 - Prestations de services,produit,42270,0
38,2025-01-20,FOURNISSEUR DIALLO IMPORT-EXPORT,601 - Achats marchandises,charge,296709,0
39,2025-01-20,VENTE AU DETAIL BOUTIQUE,701 - Ventes de marchandises,produit,62419,0
40,2025-01-21,FRAIS LIVRAISON CLIENT DAKAR,624 - Transport,charge,29968,0
41,2025-01-21,VENTE AU DETAIL BOUTIQUE,701 - Ventes de marchandises,produit,100308,0
42,2025-01-22,FOURNISSEUR BA ET FRERES,601 - Achats marchandises,charge,339077,0
43,2025-01-22,ENCAISSEMENT CLIENT YOFF,701 - Ventes de marchandises,produit,190282,0
44,2025-01-23,RECETTE WAVE ORANGE MONEY,701 - Ventes de marchandises,produit,173061,0
45,2025-01-24,FOURNISSEUR DIALLO IMPORT-EXPORT,601 - Achats marchandises,charge,255911,0
46,2025-01-24,RECETTE WAVE ORANGE MONEY,701 - Ventes de marchandises,produit,91288,0
47,2025-01-25,RECETTE JOURNALIERE CAISSE,701 - Ventes de marchandises,produit,136809,0
48,2025-01-25,COURSE TAXI PROFESSIONNEL,624 - Transport,charge,23393,0
49,2025-01-27,ACHAT PRODUITS ALIMENTAIRES HLM,601 - Achats marchandises,charge,364569,0
50,2025-01-27,RECETTE WAVE ORANGE MONEY,701 - Ventes de marchandises,produit,200617,0
51,2025-01-28,RECETTE JOURNALIERE CAISSE,701 - Ventes de marchandises,produit,74217,0
52,2025-01-29,FOURNISSEUR BA ET FRERES,601 - Achats marchandises,charge,305926,0
53,2025-01-29,ENCAISSEMENT CLIENT YOFF,701 - Ventes de marchandises,produit,156895,0
54,2025-01-30,ENCAISSEMENT CLIENT YOFF,701 - Ventes de marchandises,produit,139384,0
55,2025-01-31,APPROVISIONNEMENT STOCKS GROSSISTE,601 - Achats marchandises,charge,328934,0
56,2025-01-31,RECETTE WAVE ORANGE MONEY,701 - Ventes de marchandises,produit,241859,0
57,2025-02-01,ENCAISSEMENT CLIENT YOFF,701 - Ventes de marchandises,produit,199875,0
58,2025-02-01,ABONNEMENT INTERNET EXPRESSO,626 - Télécommunications,charge,20803,0
59,2025-02-01,FACTURE SENELEC ELECTRICITE,641 - Eau et électricité,charge,36289,0
60,2025-02-01,LOYER BOUTIQUE PLATEAU DAKAR,631 - Loyer local commercial,charge,150000,0
61,2025-02-01,REMUNERATION MENSUELLE STAFF,621 - Salaires et charges,charge,318625,0
62,2025-02-03,ACHAT MARCHANDISES MARCHE SANDAGA,601 - Achats marchandises,charge,358043,0
63,2025-02-03,RECETTE WAVE ORANGE MONEY,701 - Ventes de marchandises,produit,151249,0
64,2025-02-03,SERVICE LIVRAISON A DOMICILE,706 - Prestations de services,produit,78501,0
65,2025-02-04,ENCAISSEMENT CLIENT YOFF,701 - Ventes de marchandises,produit,113619,0
66,2025-02-05,IMPRESSION FLYERS ET AFFICHES,627 - Publicité et promotion,charge,78906,0
67,2025-02-05,FOURNISSEUR BA ET FRERES,601 - Achats marchandises,charge,184303,0
68,2025-02-05,RECETTE JOURNALIERE CAISSE,701 - Ventes de marchandises,produit,228751,0
69,2025-02-06,RECETTE WAVE ORANGE MONEY,701 - Ventes de marchandises,produit,175679,0
70,2025-02-07,ACHAT PRODUITS ALIMENTAIRES HLM,601 - Achats marchandises,charge,360282,0
71,2025-02-07,RECETTE WAVE ORANGE MONEY,701 - Ventes de marchandises,produit,201698,0
72,2025-02-07,FRAIS NOTAIRE ET JURIDIQUE,658 - Charges diverses,charge,9839,0
73,2025-02-08,VENTES MARCHANDISES COMPTOIR,701 - Ventes de marchandises,produit,201683,0
74,2025-02-10,ACHAT PRODUITS ALIMENTAIRES HLM,601 - Achats marchandises,charge,403042,0
75,2025-02-10,ENCAISSEMENT CLIENT YOFF,701 - Ventes de marchandises,produit,177850,0
76,2025-02-11,RECETTE JOURNALIERE CAISSE,701 - Ventes de marchandises,produit,273878,0
77,2025-02-11,PRESTATION CLIENT ENTREPRISE,706 - Prestations de services,produit,1000,0
78,2025-02-12,FOURNISSEUR BA ET FRERES,601 - Achats marchandises,charge,345752,0
79,2025-02-12,RECETTE WAVE ORANGE MONEY,701 - Ventes de marchandises,produit,185222,0
80,2025-02-13,PRESTATION CLIENT ENTREPRISE,706 - Prestations de services,produit,88211,0
81,2025-02-13,RECETTE JOURNALIERE CAISSE,701 - Ventes de marchandises,produit,162059,0
82,2025-02-14,CARBURANT VEHICULE UTILITAIRE,624 - Transport,charge,31571,0
83,2025-02-14,VENTE NUIT HEURE INHABITUELLE,701 - Ventes de marchandises,produit,1350000,1
84,2025-02-14,ACHAT MARCHANDISES MARCHE SANDAGA,601 - Achats marchandises,charge,120994,0
85,2025-02-14,ENCAISSEMENT CLIENT YOFF,701 - Ventes de marchandises,produit,166819,0
86,2025-02-15,VENTES MARCHANDISES COMPTOIR,701 - Ventes de marchandises,produit,268673,0
87,2025-02-17,FOURNISSEUR DIALLO IMPORT-EXPORT,601 - Achats marchandises,charge,238538,0
88,2025-02-17,VENTE AU DETAIL BOUTIQUE,701 - Ventes de marchandises,produit,131490,0
89,2025-02-18,RECETTE JOURNALIERE CAISSE,701 - Ventes de marchandises,produit,149894,0
90,2025-02-19,ACHAT PRODUITS ALIMENTAIRES HLM,601 - Achats marchandises,charge,353232,0
91,2025-02-19,VENTE AU DETAIL BOUTIQUE,701 - Ventes de marchandises,produit,199725,0
92,2025-02-19,PRESTATION CLIENT ENTREPRISE,706 - Prestations de services,produit,66458,0
93,2025-02-20,RECETTE JOURNALIERE CAISSE,701 - Ventes de marchandises,produit,210796,0
94,2025-02-21,ACHAT MARCHANDISES MARCHE SANDAGA,601 - Achats marchandises,charge,287766,0
95,2025-02-21,VENTES MARCHANDISES COMPTOIR,701 - Ventes de marchandises,produit,238118,0
96,2025-02-21,DIVERS ET IMPREVU,658 - Charges diverses,charge,9383,0
97,2025-02-22,VENTES MARCHANDISES COMPTOIR,701 - Ventes de marchandises,produit,160340,0
98,2025-02-24,FOURNITURES ET MATERIEL BUREAU,658 - Charges diverses,charge,17368,0
99,2025-02-24,FOURNISSEUR BA ET FRERES,601 - Achats marchandises,charge,248631,0
100,2025-02-24,RECETTE JOURNALIERE CAISSE,701 - Ventes de marchandises,produit,92189,0
101,2025-02-25,PROMOTION SPECIALE CLIENTS,627 - Publicité et promotion,charge,45127,0
102,2025-02-25,VENTES MARCHANDISES COMPTOIR,701 - Ventes de marchandises,produit,195663,0
103,2025-02-26,ACHAT PRODUITS ALIMENTAIRES HLM,601 - Achats marchandises,charge,261233,0
104,2025-02-26,RECETTE JOURNALIERE CAISSE,701 - Ventes de marchandises,produit,95077,0
105,2025-02-26,COURSE TAXI PROFESSIONNEL,624 - Transport,charge,23793,0
106,2025-02-27,VENTE AU DETAIL BOUTIQUE,701 - Ventes de marchandises,produit,159437,0
107,2025-02-28,FOURNISSEUR BA ET FRERES,601 - Achats marchandises,charge,215817,0
108,2025-02-28,VENTE AU DETAIL BOUTIQUE,701 - Ventes de marchandises,produit,170322,0
109,2025-02-28,PUBLICITE FACEBOOK ADS,627 - Publicité et promotion,charge,55101,0
110,2025-03-01,RECETTE JOURNALIERE CAISSE (RAMADAN),701 - Ventes de marchandises,produit,247533,0
111,2025-03-01,FACTURE SENELEC ELECTRICITE,641 - Eau et électricité,charge,43090,0
112,2025-03-01,SALAIRES EMPLOYES DU MOIS,621 - Salaires et charges,charge,337723,0
113,2025-03-01,LOYER MAGASIN GRAND YOFF,631 - Loyer local commercial,charge,150000,0
114,2025-03-01,FACTURE MOBILE MONEY WAVE,626 - Télécommunications,charge,25872,0
115,2025-03-03,FOURNISSEUR BA ET FRERES (RAMADAN),601 - Achats marchandises,charge,182498,0
116,2025-03-03,RECETTE JOURNALIERE CAISSE (RAMADAN),701 - Ventes de marchandises,produit,250409,0
117,2025-03-03,PRESTATION CLIENT ENTREPRISE,706 - Prestations de services,produit,87108,0
118,2025-03-04,VENTES MARCHANDISES COMPTOIR (RAMADAN),701 - Ventes de marchandises,produit,399794,0
119,2025-03-05,PRESTATION CLIENT ENTREPRISE,706 - Prestations de services,produit,83785,0
120,2025-03-05,FOURNISSEUR BA ET FRERES (RAMADAN),601 - Achats marchandises,charge,320611,0
121,2025-03-05,VENTES MARCHANDISES COMPTOIR (RAMADAN),701 - Ventes de marchandises,produit,270092,0
122,2025-03-06,VENTE AU DETAIL BOUTIQUE (RAMADAN),701 - Ventes de marchandises,produit,181879,0
123,2025-03-07,APPROVISIONNEMENT STOCKS GROSSISTE (RAMADAN),601 - Achats marchandises,charge,427425,0
124,2025-03-07,ENCAISSEMENT CLIENT YOFF (RAMADAN),701 - Ventes de marchandises,produit,297115,0
125,2025-03-08,VENTES MARCHANDISES COMPTOIR (RAMADAN),701 - Ventes de marchandises,produit,299461,0
126,2025-03-10,ACHAT MARCHANDISES MARCHE SANDAGA (RAMADAN),601 - Achats marchandises,charge,263249,0
127,2025-03-10,RECETTE JOURNALIERE CAISSE (RAMADAN),701 - Ventes de marchandises,produit,336167,0
128,2025-03-11,RECETTE JOURNALIERE CAISSE (RAMADAN),701 - Ventes de marchandises,produit,167888,0
129,2025-03-11,FRAIS PORT CONTENEUR,624 - Transport,charge,33868,0
130,2025-03-12,APPROVISIONNEMENT STOCKS GROSSISTE (RAMADAN),601 - Achats marchandises,charge,511236,0
131,2025-03-12,RECETTE JOURNALIERE CAISSE (RAMADAN),701 - Ventes de marchandises,produit,192567,0
132,2025-03-13,VENTES MARCHANDISES COMPTOIR (RAMADAN),701 - Ventes de marchandises,produit,218022,0
133,2025-03-14,APPROVISIONNEMENT STOCKS GROSSISTE (RAMADAN),601 - Achats marchandises,charge,343972,0
134,2025-03-14,RECETTE WAVE ORANGE MONEY (RAMADAN),701 - Ventes de marchandises,produit,221791,0
135,2025-03-15,VIREMENT COMPTE TIERS INCONNU,658 - Charges diverses,charge,2500000,1
136,2025-03-15,RECETTE WAVE ORANGE MONEY (RAMADAN),701 - Ventes de marchandises,produit,158960,0
137,2025-03-15,ENTRETIEN ET REPARATION MATERIEL,658 - Charges diverses,charge,15548,0
138,2025-03-16,CARBURANT VEHICULE UTILITAIRE,624 - Transport,charge,17376,0
139,2025-03-17,SPONSORING EVENEMENT LOCAL,627 - Publicité et promotion,charge,83748,0
140,2025-03-17,ACHAT MARCHANDISES MARCHE SANDAGA (RAMADAN),601 - Achats marchandises,charge,373887,0
141,2025-03-17,RECETTE WAVE ORANGE MONEY (RAMADAN),701 - Ventes de marchandises,produit,196834,0
142,2025-03-18,ENCAISSEMENT CLIENT YOFF (RAMADAN),701 - Ventes de marchandises,produit,205004,0
143,2025-03-19,APPROVISIONNEMENT STOCKS GROSSISTE (RAMADAN),601 - Achats marchandises,charge,310235,0
144,2025-03-19,RECETTE WAVE ORANGE MONEY (RAMADAN),701 - Ventes de marchandises,produit,300811,0
145,2025-03-20,RECETTE JOURNALIERE CAISSE (RAMADAN),701 - Ventes de marchandises,produit,178148,0
146,2025-03-20,SERVICE LIVRAISON A DOMICILE,706 - Prestations de services,produit,130749,0
147,2025-03-20,PANNEAU PUBLICITAIRE ROUTE,627 - Publicité et promotion,charge,50686,0
148,2025-03-21,FOURNISSEUR DIALLO IMPORT-EXPORT (RAMADAN),601 - Achats marchandises,charge,207401,0
149,2025-03-21,ENCAISSEMENT CLIENT YOFF (RAMADAN),701 - Ventes de marchandises,produit,263078,0
150,2025-03-21,SPONSORING EVENEMENT LOCAL,627 - Publicité et promotion,charge,51497,0
151,2025-03-22,RECETTE WAVE ORANGE MONEY (RAMADAN),701 - Ventes de marchandises,produit,298909,0
152,2025-03-22,FRAIS LIVRAISON CLIENT DAKAR,624 - Transport,charge,15630,0
153,2025-03-24,PANNEAU PUBLICITAIRE ROUTE,627 - Publicité et promotion,charge,52424,0
154,2025-03-24,VENTE AU DETAIL BOUTIQUE (RAMADAN),701 - Ventes de marchandises,produit,283316,0
155,2025-03-24,FOURNISSEUR DIALLO IMPORT-EXPORT (RAMADAN),601 - Achats marchandises,charge,230363,0
156,2025-03-25,RECETTE JOURNALIERE CAISSE (RAMADAN),701 - Ventes de marchandises,produit,267029,0
157,2025-03-26,FOURNISSEUR DIALLO IMPORT-EXPORT (RAMADAN),601 - Achats marchandises,charge,363715,0
158,2025-03-26,RECETTE JOURNALIERE CAISSE (RAMADAN),701 - Ventes de marchandises,produit,211198,0
159,2025-03-27,VENTE AU DETAIL BOUTIQUE (RAMADAN),701 - Ventes de marchandises,produit,265935,0
160,2025-03-28,FOURNISSEUR DIALLO IMPORT-EXPORT (RAMADAN),601 - Achats marchandises,charge,359445,0
161,2025-03-28,VENTES MARCHANDISES COMPTOIR (RAMADAN),701 - Ventes de marchandises,produit,209138,0
162,2025-03-29,VENTE AU DETAIL BOUTIQUE (RAMADAN),701 - Ventes de marchandises,produit,363946,0
163,2025-03-29,ENTRETIEN ET REPARATION MATERIEL,658 - Charges diverses,charge,18790,0
164,2025-03-31,FOURNISSEUR DIALLO IMPORT-EXPORT (KORITÉ),601 - Achats marchandises,charge,240695,0
165,2025-03-31,ENCAISSEMENT CLIENT YOFF (KORITÉ),701 - Ventes de marchandises,produit,381393,0
166,2025-03-31,FOURNITURES ET MATERIEL BUREAU,658 - Charges diverses,charge,7202,0
167,2025-04-01,LOYER BOUTIQUE PLATEAU DAKAR,631 - Loyer local commercial,charge,150000,0
168,2025-04-01,ABONNEMENT INTERNET EXPRESSO,626 - Télécommunications,charge,30792,0
169,2025-04-01,FACTURE SENELEC ELECTRICITE,641 - Eau et électricité,charge,30151,0
170,2025-04-01,VENTE AU DETAIL BOUTIQUE (KORITÉ),701 - Ventes de marchandises,produit,399802,0
171,2025-04-01,SALAIRES + CHARGES SOCIALES IPRES,621 - Salaires et charges,charge,315741,0
172,2025-04-02,FOURNISSEUR DIALLO IMPORT-EXPORT (KORITÉ),601 - Achats marchandises,charge,369022,0
173,2025-04-02,VENTES MARCHANDISES COMPTOIR (KORITÉ),701 - Ventes de marchandises,produit,391323,0
174,2025-04-02,COURSE TAXI PROFESSIONNEL,624 - Transport,charge,46967,0
175,2025-04-03,RECETTE JOURNALIERE CAISSE,701 - Ventes de marchandises,produit,165276,0
176,2025-04-04,VENTE AU DETAIL BOUTIQUE,701 - Ventes de marchandises,produit,126629,0
177,2025-04-04,FOURNISSEUR BA ET FRERES,601 - Achats marchandises,charge,219701,0
178,2025-04-05,ENCAISSEMENT CLIENT YOFF,701 - Ventes de marchandises,produit,131051,0
179,2025-04-07,APPROVISIONNEMENT STOCKS GROSSISTE,601 - Achats marchandises,charge,273831,0
180,2025-04-07,PANNEAU PUBLICITAIRE ROUTE,627 - Publicité et promotion,charge,51917,0
181,2025-04-07,RECETTE JOURNALIERE CAISSE,701 - Ventes de marchandises,produit,200469,0
182,2025-04-08,ENCAISSEMENT CLIENT YOFF,701 - Ventes de marchandises,produit,229630,0
183,2025-04-09,ACHAT MARCHANDISES MARCHE SANDAGA,601 - Achats marchandises,charge,281040,0
184,2025-04-09,VENTE AU DETAIL BOUTIQUE,701 - Ventes de marchandises,produit,267212,0
185,2025-04-10,RECETTE JOURNALIERE CAISSE,701 - Ventes de marchandises,produit,164120,0
186,2025-04-10,HONORAIRES CONSEIL ET FORMATION,706 - Prestations de services,produit,180205,0
187,2025-04-11,VENTE AU DETAIL BOUTIQUE,701 - Ventes de marchandises,produit,128570,0
188,2025-04-11,APPROVISIONNEMENT STOCKS GROSSISTE,601 - Achats marchandises,charge,330053,0
189,2025-04-11,ENTRETIEN ET REPARATION MATERIEL,658 - Charges diverses,charge,6432,0
190,2025-04-12,RECETTE JOURNALIERE CAISSE,701 - Ventes de marchandises,produit,208948,0
191,2025-04-14,ACHAT PRODUITS ALIMENTAIRES HLM,601 - Achats marchandises,charge,262122,0
192,2025-04-14,ENCAISSEMENT CLIENT YOFF,701 - Ventes de marchandises,produit,222840,0
193,2025-04-15,VENTE AU DETAIL BOUTIQUE,701 - Ventes de marchandises,produit,208394,0
194,2025-04-16,FOURNISSEUR BA ET FRERES,601 - Achats marchandises,charge,274173,0
195,2025-04-16,RECETTE WAVE ORANGE MONEY,701 - Ventes de marchandises,produit,129192,0
196,2025-04-17,RECETTE JOURNALIERE CAISSE,701 - Ventes de marchandises,produit,89109,0
197,2025-04-18,FOURNISSEUR BA ET FRERES,601 - Achats marchandises,charge,244278,0
198,2025-04-18,RECETTE WAVE ORANGE MONEY,701 - Ventes de marchandises,produit,231383,0
199,2025-04-19,VENTE AU DETAIL BOUTIQUE,701 - Ventes de marchandises,produit,192845,0
200,2025-04-21,FOURNISSEUR DIALLO IMPORT-EXPORT,601 - Achats marchandises,charge,180340,0
201,2025-04-21,RECETTE JOURNALIERE CAISSE,701 - Ventes de marchandises,produit,190390,0
202,2025-04-22,RECETTE WAVE ORANGE MONEY,701 - Ventes de marchandises,produit,203119,0
203,2025-04-23,FOURNISSEUR DIALLO IMPORT-EXPORT,601 - Achats marchandises,charge,209291,0
204,2025-04-23,ENCAISSEMENT CLIENT YOFF,701 - Ventes de marchandises,produit,189223,0
205,2025-04-24,RECETTE JOURNALIERE CAISSE,701 - Ventes de marchandises,produit,183492,0
206,2025-04-24,SPONSORING EVENEMENT LOCAL,627 - Publicité et promotion,charge,16425,0
207,2025-04-25,ACHAT MARCHANDISES MARCHE SANDAGA,601 - Achats marchandises,charge,308622,0
208,2025-04-25,VENTE AU DETAIL BOUTIQUE,701 - Ventes de marchandises,produit,213647,0
209,2025-04-26,VENTES MARCHANDISES COMPTOIR,701 - Ventes de marchandises,produit,244983,0
210,2025-04-28,ACHAT MARCHANDISES MARCHE SANDAGA,601 - Achats marchandises,charge,364304,0
211,2025-04-28,RECETTE JOURNALIERE CAISSE,701 - Ventes de marchandises,produit,97339,0
212,2025-04-29,RECETTE WAVE ORANGE MONEY,701 - Ventes de marchandises,produit,123730,0
213,2025-04-30,ACHAT MARCHANDISES MARCHE SANDAGA,601 - Achats marchandises,charge,321202,0
214,2025-04-30,VENTE AU DETAIL BOUTIQUE,701 - Ventes de marchandises,produit,210827,0
215,2025-04-30,SPONSORING EVENEMENT LOCAL,627 - Publicité et promotion,charge,57876,0
216,2025-05-01,RECETTE WAVE ORANGE MONEY,701 - Ventes de marchandises,produit,237240,0
217,2025-05-01,FORFAIT TIGO BUSINESS,626 - Télécommunications,charge,27854,0
218,2025-05-01,REMUNERATION MENSUELLE STAFF,621 - Salaires et charges,charge,377054,0
219,2025-05-01,ELECTRICITE ET EAU MENSUELLE,641 - Eau et électricité,charge,53626,0
220,2025-05-01,LOYER MAGASIN GRAND YOFF,631 - Loyer local commercial,charge,150000,0
221,2025-05-02,ACHAT PRODUITS ALIMENTAIRES HLM,601 - Achats marchandises,charge,332111,0
222,2025-05-02,VENTES MARCHANDISES COMPTOIR,701 - Ventes de marchandises,produit,161083,0
223,2025-05-03,ENCAISSEMENT CLIENT YOFF,701 - Ventes de marchandises,produit,225538,0
224,2025-05-05,ACHAT PRODUITS ALIMENTAIRES HLM,601 - Achats marchandises,charge,218173,0
225,2025-05-05,VENTES MARCHANDISES COMPTOIR,701 - Ventes de marchandises,produit,165790,0
226,2025-05-06,ENCAISSEMENT CLIENT YOFF,701 - Ventes de marchandises,produit,150878,0
227,2025-05-07,FOURNISSEUR BA ET FRERES,601 - Achats marchandises,charge,286549,0
228,2025-05-07,RECETTE JOURNALIERE CAISSE,701 - Ventes de marchandises,produit,318879,0
229,2025-05-07,COURSE TAXI PROFESSIONNEL,624 - Transport,charge,9327,0
230,2025-05-08,VENTES MARCHANDISES COMPTOIR,701 - Ventes de marchandises,produit,221175,0
231,2025-05-08,PANNEAU PUBLICITAIRE ROUTE,627 - Publicité et promotion,charge,4682,0
232,2025-05-09,ACHAT PRODUITS ALIMENTAIRES HLM,601 - Achats marchandises,charge,242245,0
233,2025-05-09,RECETTE JOURNALIERE CAISSE,701 - Ventes de marchandises,produit,245337,0
234,2025-05-10,RECETTE WAVE ORANGE MONEY,701 - Ventes de marchandises,produit,183856,0
235,2025-05-10,LOCATION MATERIEL,706 - Prestations de services,produit,47278,0
236,2025-05-12,VENTE AU DETAIL BOUTIQUE,701 - Ventes de marchandises,produit,220775,0
237,2025-05-12,APPROVISIONNEMENT STOCKS GROSSISTE,601 - Achats marchandises,charge,222775,0
238,2025-05-13,VENTE AU DETAIL BOUTIQUE,701 - Ventes de marchandises,produit,136178,0
239,2025-05-14,FOURNISSEUR BA ET FRERES,601 - Achats marchandises,charge,297316,0
240,2025-05-14,VENTES MARCHANDISES COMPTOIR,701 - Ventes de marchandises,produit,182734,0
241,2025-05-15,VENTE AU DETAIL BOUTIQUE,701 - Ventes de marchandises,produit,140903,0
242,2025-05-15,PROMOTION SPECIALE CLIENTS,627 - Publicité et promotion,charge,98598,0
243,2025-05-16,VENTES MARCHANDISES COMPTOIR,701 - Ventes de marchandises,produit,58491,0
244,2025-05-16,ACHAT PRODUITS ALIMENTAIRES HLM,601 - Achats marchandises,charge,330713,0
245,2025-05-17,VENTE AU DETAIL BOUTIQUE,701 - Ventes de marchandises,produit,191187,0
246,2025-05-18,PUBLICITE FACEBOOK ADS,627 - Publicité et promotion,charge,28455,0
247,2025-05-19,FOURNISSEUR DIALLO IMPORT-EXPORT,601 - Achats marchandises,charge,348194,0
248,2025-05-19,RECETTE JOURNALIERE CAISSE,701 - Ventes de marchandises,produit,132448,0
249,2025-05-20,VENTE AU DETAIL BOUTIQUE,701 - Ventes de marchandises,produit,173115,0
250,2025-05-21,ACHAT PRODUITS ALIMENTAIRES HLM,601 - Achats marchandises,charge,320398,0
251,2025-05-21,ENCAISSEMENT CLIENT YOFF,701 - Ventes de marchandises,produit,231945,0
252,2025-05-22,ENCAISSEMENT CLIENT YOFF,701 - Ventes de marchandises,produit,107982,0
253,2025-05-23,RECETTE JOURNALIERE CAISSE,701 - Ventes de marchandises,produit,151503,0
254,2025-05-23,FOURNISSEUR BA ET FRERES,601 - Achats marchandises,charge,253239,0
255,2025-05-24,RECETTE JOURNALIERE CAISSE,701 - Ventes de marchandises,produit,140800,0
256,2025-05-26,FOURNISSEUR DIALLO IMPORT-EXPORT,601 - Achats marchandises,charge,421236,0
257,2025-05-26,RECETTE JOURNALIERE CAISSE,701 - Ventes de marchandises,produit,204298,0
258,2025-05-27,VENTE AU DETAIL BOUTIQUE,701 - Ventes de marchandises,produit,104346,0
259,2025-05-28,FOURNISSEUR DIALLO IMPORT-EXPORT,601 - Achats marchandises,charge,353428,0
260,2025-05-28,VENTE AU DETAIL BOUTIQUE,701 - Ventes de marchandises,produit,307329,0
261,2025-05-29,VENTES MARCHANDISES COMPTOIR,701 - Ventes de marchandises,produit,241947,0
262,2025-05-30,ACHAT MARCHANDISES MARCHE SANDAGA,601 - Achats marchandises,charge,158450,0
263,2025-05-30,VENTES MARCHANDISES COMPTOIR,701 - Ventes de marchandises,produit,150945,0
264,2025-05-31,RECETTE JOURNALIERE CAISSE,701 - Ventes de marchandises,produit,256014,0
265,2025-06-01,LOYER MENSUEL LOCAL COMMERCIAL,631 - Loyer local commercial,charge,150000,0
266,2025-06-01,SALAIRES + CHARGES SOCIALES IPRES,621 - Salaires et charges,charge,285846,0
267,2025-06-01,ABONNEMENT INTERNET EXPRESSO,626 - Télécommunications,charge,27219,0
268,2025-06-01,FACTURE SENELEC ELECTRICITE,641 - Eau et électricité,charge,49295,0
269,2025-06-02,FOURNISSEUR DIALLO IMPORT-EXPORT,601 - Achats marchandises,charge,205845,0
270,2025-06-02,RECETTE JOURNALIERE CAISSE,701 - Ventes de marchandises,produit,176428,0
271,2025-06-03,RECETTE WAVE ORANGE MONEY,701 - Ventes de marchandises,produit,1000,0
272,2025-06-04,FOURNISSEUR BA ET FRERES,601 - Achats marchandises,charge,198048,0
273,2025-06-04,RECETTE JOURNALIERE CAISSE,701 - Ventes de marchandises,produit,164845,0
274,2025-06-05,ENCAISSEMENT CLIENT YOFF,701 - Ventes de marchandises,produit,105133,0
275,2025-06-05,ENTRETIEN ET REPARATION MATERIEL,658 - Charges diverses,charge,28059,0
276,2025-06-05,LOCATION MATERIEL,706 - Prestations de services,produit,34945,0
277,2025-06-06,ACHAT PRODUITS ALIMENTAIRES HLM (TABASKI),601 - Achats marchandises,charge,300796,0
278,2025-06-06,RECETTE JOURNALIERE CAISSE (TABASKI),701 - Ventes de marchandises,produit,385844,0
279,2025-06-07,VENTE AU DETAIL BOUTIQUE (TABASKI),701 - Ventes de marchandises,produit,464476,0
280,2025-06-09,APPROVISIONNEMENT STOCKS GROSSISTE (TABASKI),601 - Achats marchandises,charge,221131,0
281,2025-06-09,RECETTE WAVE ORANGE MONEY (TABASKI),701 - Ventes de marchandises,produit,447789,0
282,2025-06-10,VENTE AU DETAIL BOUTIQUE,701 - Ventes de marchandises,produit,180613,0
283,2025-06-11,FOURNISSEUR BA ET FRERES,601 - Achats marchandises,charge,201479,0
284,2025-06-11,ENCAISSEMENT CLIENT YOFF,701 - Ventes de marchandises,produit,207726,0
285,2025-06-12,RECETTE JOURNALIERE CAISSE,701 - Ventes de marchandises,produit,191943,0
286,2025-06-13,ACHAT PRODUITS ALIMENTAIRES HLM,601 - Achats marchandises,charge,231982,0
287,2025-06-13,RECETTE WAVE ORANGE MONEY,701 - Ventes de marchandises,produit,184188,0
288,2025-06-14,RECETTE JOURNALIERE CAISSE,701 - Ventes de marchandises,produit,156881,0
289,2025-06-16,APPROVISIONNEMENT STOCKS GROSSISTE,601 - Achats marchandises,charge,289081,0
290,2025-06-16,ENCAISSEMENT CLIENT YOFF,701 - Ventes de marchandises,produit,219727,0
291,2025-06-17,ENCAISSEMENT CLIENT YOFF,701 - Ventes de marchandises,produit,275161,0
292,2025-06-18,FOURNISSEUR DIALLO IMPORT-EXPORT,601 - Achats marchandises,charge,180974,0
293,2025-06-18,RECETTE JOURNALIERE CAISSE,701 - Ventes de marchandises,produit,307982,0
294,2025-06-19,RECETTE WAVE ORANGE MONEY,701 - Ventes de marchandises,produit,62874,0
295,2025-06-20,ACHAT PRODUITS ALIMENTAIRES HLM,601 - Achats marchandises,charge,267857,0
296,2025-06-20,VENTE AU DETAIL BOUTIQUE,701 - Ventes de marchandises,produit,215299,0
297,2025-06-21,VENTES MARCHANDISES COMPTOIR,701 - Ventes de marchandises,produit,196859,0
298,2025-06-23,FOURNISSEUR BA ET FRERES,601 - Achats marchandises,charge,230184,0
299,2025-06-23,RECETTE WAVE ORANGE MONEY,701 - Ventes de marchandises,produit,167512,0
300,2025-06-24,RECETTE WAVE ORANGE MONEY,701 - Ventes de marchandises,produit,150419,0
301,2025-06-25,APPROVISIONNEMENT STOCKS GROSSISTE,601 - Achats marchandises,charge,232850,0
302,2025-06-25,ENCAISSEMENT CLIENT YOFF,701 - Ventes de marchandises,produit,230976,0
303,2025-06-26,VENTES MARCHANDISES COMPTOIR,701 - Ventes de marchandises,produit,201420,0
304,2025-06-27,FOURNISSEUR DIALLO IMPORT-EXPORT,601 - Achats marchandises,charge,224567,0
305,2025-06-27,VENTES MARCHANDISES COMPTOIR,701 - Ventes de marchandises,produit,233975,0
306,2025-06-28,RECETTE WAVE ORANGE MONEY,701 - Ventes de marchandises,produit,198437,0
307,2025-06-30,ENCAISSEMENT CLIENT YOFF,701 - Ventes de marchandises,produit,217777,0
308,2025-06-30,FOURNISSEUR DIALLO IMPORT-EXPORT,601 - Achats marchandises,charge,345028,0
309,2025-07-01,PAIEMENT SALAIRES PERSONNEL,621 - Salaires et charges,charge,283420,0
310,2025-07-01,RECETTE JOURNALIERE CAISSE,701 - Ventes de marchandises,produit,216622,0
311,2025-07-01,LOYER BOUTIQUE PLATEAU DAKAR,631 - Loyer local commercial,charge,150000,0
312,2025-07-01,FACTURE SENELEC ELECTRICITE,641 - Eau et électricité,charge,48967,0
313,2025-07-01,FACTURE MOBILE MONEY WAVE,626 - Télécommunications,charge,22199,0
314,2025-07-02,FOURNISSEUR DIALLO IMPORT-EXPORT,601 - Achats marchandises,charge,278327,0
315,2025-07-02,VENTE AU DETAIL BOUTIQUE,701 - Ventes de marchandises,produit,187039,0
316,2025-07-02,FRAIS PORT CONTENEUR,624 - Transport,charge,40776,0
317,2025-07-03,VENTE AU DETAIL BOUTIQUE,701 - Ventes de marchandises,produit,144505,0
318,2025-07-04,ACHAT MARCHANDISES MARCHE SANDAGA (TAMKHARIT),601 - Achats marchandises,charge,379767,0
319,2025-07-04,ENCAISSEMENT CLIENT YOFF (TAMKHARIT),701 - Ventes de marchandises,produit,203868,0
320,2025-07-05,RECETTE JOURNALIERE CAISSE (TAMKHARIT),701 - Ventes de marchandises,produit,202939,0
321,2025-07-06,HONORAIRES CONSEIL ET FORMATION,706 - Prestations de services,produit,123457,0
322,2025-07-07,ENCAISSEMENT CLIENT YOFF,701 - Ventes de marchandises,produit,228810,0
323,2025-07-07,TRANSPORT MARCHANDISES,624 - Transport,charge,41054,0
324,2025-07-07,FOURNISSEUR BA ET FRERES,601 - Achats marchandises,charge,346033,0
325,2025-07-08,VENTE AU DETAIL BOUTIQUE,701 - Ventes de marchandises,produit,181260,0
326,2025-07-09,FOURNISSEUR DIALLO IMPORT-EXPORT,601 - Achats marchandises,charge,334556,0
327,2025-07-09,RECETTE WAVE ORANGE MONEY,701 - Ventes de marchandises,produit,161383,0
328,2025-07-10,ENCAISSEMENT CLIENT YOFF,701 - Ventes de marchandises,produit,199449,0
329,2025-07-11,APPROVISIONNEMENT STOCKS GROSSISTE,601 - Achats marchandises,charge,269588,0
330,2025-07-11,RECETTE WAVE ORANGE MONEY,701 - Ventes de marchandises,produit,185819,0
331,2025-07-12,RECETTE JOURNALIERE CAISSE,701 - Ventes de marchandises,produit,215709,0
332,2025-07-14,LOCATION MATERIEL,706 - Prestations de services,produit,42503,0
333,2025-07-14,FOURNISSEUR DIALLO IMPORT-EXPORT,601 - Achats marchandises,charge,214542,0
334,2025-07-14,VENTES MARCHANDISES COMPTOIR,701 - Ventes de marchandises,produit,305543,0
335,2025-07-14,FRAIS LIVRAISON CLIENT DAKAR,624 - Transport,charge,17939,0
336,2025-07-15,RECETTE WAVE ORANGE MONEY,701 - Ventes de marchandises,produit,249486,0
337,2025-07-15,SERVICE LIVRAISON A DOMICILE,706 - Prestations de services,produit,112708,0
338,2025-07-16,APPROVISIONNEMENT STOCKS GROSSISTE,601 - Achats marchandises,charge,329929,0
339,2025-07-16,VENTE AU DETAIL BOUTIQUE,701 - Ventes de marchandises,produit,217700,0
340,2025-07-16,CARBURANT VEHICULE UTILITAIRE,624 - Transport,charge,27877,0
341,2025-07-17,RECETTE WAVE ORANGE MONEY,701 - Ventes de marchandises,produit,126164,0
342,2025-07-18,ACHAT PRODUITS ALIMENTAIRES HLM,601 - Achats marchandises,charge,286064,0
343,2025-07-18,RECETTE JOURNALIERE CAISSE,701 - Ventes de marchandises,produit,139370,0
344,2025-07-19,ENCAISSEMENT CLIENT YOFF,701 - Ventes de marchandises,produit,238507,0
345,2025-07-20,SPONSORING EVENEMENT LOCAL,627 - Publicité et promotion,charge,41323,0
346,2025-07-21,FOURNISSEUR BA ET FRERES,601 - Achats marchandises,charge,213960,0
347,2025-07-21,ENCAISSEMENT CLIENT YOFF,701 - Ventes de marchandises,produit,160716,0
348,2025-07-22,ACHAT HORS FOURNISSEUR HABITUEL,601 - Achats marchandises,charge,1800000,1
349,2025-07-22,ENCAISSEMENT CLIENT YOFF,701 - Ventes de marchandises,produit,204775,0
350,2025-07-23,FOURNISSEUR BA ET FRERES,601 - Achats marchandises,charge,234902,0
351,2025-07-23,RECETTE WAVE ORANGE MONEY,701 - Ventes de marchandises,produit,130666,0
352,2025-07-24,RECETTE JOURNALIERE CAISSE,701 - Ventes de marchandises,produit,194621,0
353,2025-07-25,FRAIS PORT CONTENEUR,624 - Transport,charge,23289,0
354,2025-07-25,ENCAISSEMENT CLIENT YOFF,701 - Ventes de marchandises,produit,149583,0
355,2025-07-25,FOURNISSEUR BA ET FRERES,601 - Achats marchandises,charge,299597,0
356,2025-07-26,RECETTE JOURNALIERE CAISSE,701 - Ventes de marchandises,produit,193922,0
357,2025-07-27,HONORAIRES CONSEIL ET FORMATION,706 - Prestations de services,produit,34317,0
358,2025-07-28,ACHAT PRODUITS ALIMENTAIRES HLM,601 - Achats marchandises,charge,167402,0
359,2025-07-28,RECETTE WAVE ORANGE MONEY,701 - Ventes de marchandises,produit,136893,0
360,2025-07-29,VENTES MARCHANDISES COMPTOIR,701 - Ventes de marchandises,produit,167193,0
361,2025-07-30,ACHAT PRODUITS ALIMENTAIRES HLM,601 - Achats marchandises,charge,304872,0
362,2025-07-30,RECETTE JOURNALIERE CAISSE,701 - Ventes de marchandises,produit,268521,0
363,2025-07-31,ENCAISSEMENT CLIENT YOFF,701 - Ventes de marchandises,produit,231459,0
364,2025-08-01,SALAIRES + CHARGES SOCIALES IPRES,621 - Salaires et charges,charge,296801,0
365,2025-08-01,FORFAIT TIGO BUSINESS,626 - Télécommunications,charge,24904,0
366,2025-08-01,FACTURE SDE EAU POTABLE,641 - Eau et électricité,charge,27969,0
367,2025-08-01,ACHAT PRODUITS ALIMENTAIRES HLM,601 - Achats marchandises,charge,278518,0
368,2025-08-01,RECETTE WAVE ORANGE MONEY,701 - Ventes de marchandises,produit,162680,0
369,2025-08-01,CARBURANT VEHICULE UTILITAIRE,624 - Transport,charge,31227,0
370,2025-08-01,LOYER MENSUEL LOCAL COMMERCIAL,631 - Loyer local commercial,charge,150000,0
371,2025-08-02,RECETTE JOURNALIERE CAISSE,701 - Ventes de marchandises,produit,130366,0
372,2025-08-04,FOURNISSEUR BA ET FRERES,601 - Achats marchandises,charge,321547,0
373,2025-08-04,VENTE AU DETAIL BOUTIQUE,701 - Ventes de marchandises,produit,271964,0
374,2025-08-05,ENCAISSEMENT CLIENT YOFF,701 - Ventes de marchandises,produit,173474,0
375,2025-08-06,ACHAT PRODUITS ALIMENTAIRES HLM,601 - Achats marchandises,charge,312136,0
376,2025-08-06,RECETTE JOURNALIERE CAISSE,701 - Ventes de marchandises,produit,221408,0
377,2025-08-07,ENCAISSEMENT CLIENT YOFF,701 - Ventes de marchandises,produit,155926,0
378,2025-08-08,ACHAT MARCHANDISES MARCHE SANDAGA,601 - Achats marchandises,charge,297927,0
379,2025-08-08,RECETTE JOURNALIERE CAISSE,701 - Ventes de marchandises,produit,180755,0
380,2025-08-09,VENTES MARCHANDISES COMPTOIR,701 - Ventes de marchandises,produit,185860,0
381,2025-08-10,IMPRESSION FLYERS ET AFFICHES,627 - Publicité et promotion,charge,25674,0
382,2025-08-11,ACHAT MARCHANDISES MARCHE SANDAGA,601 - Achats marchandises,charge,281960,0
383,2025-08-11,VENTE AU DETAIL BOUTIQUE,701 - Ventes de marchandises,produit,209879,0
384,2025-08-12,VENTES MARCHANDISES COMPTOIR,701 - Ventes de marchandises,produit,267068,0
385,2025-08-13,FOURNISSEUR BA ET FRERES,601 - Achats marchandises,charge,356741,0
386,2025-08-13,ENCAISSEMENT CLIENT YOFF,701 - Ventes de marchandises,produit,309190,0
387,2025-08-14,VENTE AU DETAIL BOUTIQUE,701 - Ventes de marchandises,produit,133959,0
388,2025-08-15,ACHAT PRODUITS ALIMENTAIRES HLM,601 - Achats marchandises,charge,349785,0
389,2025-08-15,VENTES MARCHANDISES COMPTOIR,701 - Ventes de marchandises,produit,191000,0
390,2025-08-16,VENTES MARCHANDISES COMPTOIR,701 - Ventes de marchandises,produit,311388,0
391,2025-08-18,FOURNISSEUR BA ET FRERES,601 - Achats marchandises,charge,215336,0
392,2025-08-18,ENCAISSEMENT CLIENT YOFF,701 - Ventes de marchandises,produit,129616,0
393,2025-08-19,ENCAISSEMENT CLIENT YOFF,701 - Ventes de marchandises,produit,144036,0
394,2025-08-20,ACHAT PRODUITS ALIMENTAIRES HLM,601 - Achats marchandises,charge,110088,0
395,2025-08-20,VENTES MARCHANDISES COMPTOIR,701 - Ventes de marchandises,produit,148454,0
396,2025-08-21,ENCAISSEMENT CLIENT YOFF,701 - Ventes de marchandises,produit,134452,0
397,2025-08-22,ACHAT PRODUITS ALIMENTAIRES HLM,601 - Achats marchandises,charge,292031,0
398,2025-08-22,ENCAISSEMENT CLIENT YOFF,701 - Ventes de marchandises,produit,200505,0
399,2025-08-23,VENTES MARCHANDISES COMPTOIR,701 - Ventes de marchandises,produit,292570,0
400,2025-08-24,LOCATION MATERIEL,706 - Prestations de services,produit,118264,0
401,2025-08-25,ACHAT PRODUITS ALIMENTAIRES HLM,601 - Achats marchandises,charge,233847,0
402,2025-08-25,VENTE AU DETAIL BOUTIQUE,701 - Ventes de marchandises,produit,126095,0
403,2025-08-26,VENTES MARCHANDISES COMPTOIR,701 - Ventes de marchandises,produit,209515,0
404,2025-08-26,SERVICE LIVRAISON A DOMICILE,706 - Prestations de services,produit,38791,0
405,2025-08-27,ACHAT MARCHANDISES MARCHE SANDAGA,601 - Achats marchandises,charge,426516,0
406,2025-08-27,VENTE AU DETAIL BOUTIQUE,701 - Ventes de marchandises,produit,250766,0
407,2025-08-27,IMPRESSION FLYERS ET AFFICHES,627 - Publicité et promotion,charge,33270,0
408,2025-08-28,VENTE AU DETAIL BOUTIQUE,701 - Ventes de marchandises,produit,77211,0
409,2025-08-29,VENTE AU DETAIL BOUTIQUE,701 - Ventes de marchandises,produit,173127,0
410,2025-08-29,ACHAT MARCHANDISES MARCHE SANDAGA,601 - Achats marchandises,charge,388309,0
411,2025-08-30,RECETTE WAVE ORANGE MONEY,701 - Ventes de marchandises,produit,254268,0
412,2025-09-01,SALAIRES + CHARGES SOCIALES IPRES,621 - Salaires et charges,charge,268111,0
413,2025-09-01,FRAIS LIVRAISON CLIENT DAKAR,624 - Transport,charge,34228,0
414,2025-09-01,LOYER MAGASIN GRAND YOFF,631 - Loyer local commercial,charge,150000,0
415,2025-09-01,ACHAT PRODUITS ALIMENTAIRES HLM (RENTRÉE SCOLAIRE),601 - Achats marchandises,charge,339758,0
416,2025-09-01,ELECTRICITE ET EAU MENSUELLE,641 - Eau et électricité,charge,40062,0
417,2025-09-01,FACTURE MOBILE MONEY WAVE,626 - Télécommunications,charge,22003,0
418,2025-09-01,RECETTE WAVE ORANGE MONEY (RENTRÉE SCOLAIRE),701 - Ventes de marchandises,produit,215996,0
419,2025-09-02,ENCAISSEMENT CLIENT YOFF (RENTRÉE SCOLAIRE),701 - Ventes de marchandises,produit,178942,0
420,2025-09-03,ACHAT PRODUITS ALIMENTAIRES HLM (RENTRÉE SCOLAIRE),601 - Achats marchandises,charge,324609,0
421,2025-09-03,RECETTE JOURNALIERE CAISSE (RENTRÉE SCOLAIRE),701 - Ventes de marchandises,produit,250217,0
422,2025-09-04,RECETTE JOURNALIERE CAISSE (RENTRÉE SCOLAIRE),701 - Ventes de marchandises,produit,273866,0
423,2025-09-05,ACHAT MARCHANDISES MARCHE SANDAGA (RENTRÉE SCOLAIRE),601 - Achats marchandises,charge,392929,0
424,2025-09-05,RECETTE JOURNALIERE CAISSE (RENTRÉE SCOLAIRE),701 - Ventes de marchandises,produit,175521,0
425,2025-09-05,SERVICE LIVRAISON A DOMICILE,706 - Prestations de services,produit,31306,0
426,2025-09-06,ENCAISSEMENT CLIENT YOFF (RENTRÉE SCOLAIRE),701 - Ventes de marchandises,produit,319660,0
427,2025-09-08,VENTES MARCHANDISES COMPTOIR (RENTRÉE SCOLAIRE),701 - Ventes de marchandises,produit,198090,0
428,2025-09-08,DIVERS ET IMPREVU,658 - Charges diverses,charge,27409,0
429,2025-09-08,FOURNISSEUR DIALLO IMPORT-EXPORT (RENTRÉE SCOLAIRE),601 - Achats marchandises,charge,362585,0
430,2025-09-09,VENTES MARCHANDISES COMPTOIR (RENTRÉE SCOLAIRE),701 - Ventes de marchandises,produit,249940,0
431,2025-09-10,FOURNISSEUR DIALLO IMPORT-EXPORT (RENTRÉE SCOLAIRE),601 - Achats marchandises,charge,430343,0
432,2025-09-10,VENTE AU DETAIL BOUTIQUE (RENTRÉE SCOLAIRE),701 - Ventes de marchandises,produit,247051,0
433,2025-09-11,RECETTE JOURNALIERE CAISSE (RENTRÉE SCOLAIRE),701 - Ventes de marchandises,produit,366644,0
434,2025-09-12,RECETTE WAVE ORANGE MONEY (RENTRÉE SCOLAIRE),701 - Ventes de marchandises,produit,228062,0
435,2025-09-12,PANNEAU PUBLICITAIRE ROUTE,627 - Publicité et promotion,charge,69289,0
436,2025-09-12,APPROVISIONNEMENT STOCKS GROSSISTE (RENTRÉE SCOLAIRE),601 - Achats marchandises,charge,476427,0
437,2025-09-13,ENCAISSEMENT CLIENT YOFF (RENTRÉE SCOLAIRE),701 - Ventes de marchandises,produit,281722,0
438,2025-09-15,FOURNISSEUR DIALLO IMPORT-EXPORT (RENTRÉE SCOLAIRE),601 - Achats marchandises,charge,445490,0
439,2025-09-15,VENTE AU DETAIL BOUTIQUE (RENTRÉE SCOLAIRE),701 - Ventes de marchandises,produit,185104,0
440,2025-09-16,VENTE AU DETAIL BOUTIQUE,701 - Ventes de marchandises,produit,221163,0
441,2025-09-17,APPROVISIONNEMENT STOCKS GROSSISTE,601 - Achats marchandises,charge,364673,0
442,2025-09-17,RECETTE JOURNALIERE CAISSE,701 - Ventes de marchandises,produit,74475,0
443,2025-09-18,ENCAISSEMENT CLIENT YOFF,701 - Ventes de marchandises,produit,109004,0
444,2025-09-18,FOURNITURES ET MATERIEL BUREAU,658 - Charges diverses,charge,1000,0
445,2025-09-19,ACHAT PRODUITS ALIMENTAIRES HLM,601 - Achats marchandises,charge,258447,0
446,2025-09-19,ENCAISSEMENT CLIENT YOFF,701 - Ventes de marchandises,produit,223052,0
447,2025-09-20,ENCAISSEMENT CLIENT YOFF,701 - Ventes de marchandises,produit,270141,0
448,2025-09-22,FOURNISSEUR DIALLO IMPORT-EXPORT,601 - Achats marchandises,charge,285927,0
449,2025-09-22,RECETTE JOURNALIERE CAISSE,701 - Ventes de marchandises,produit,277716,0
450,2025-09-23,ENCAISSEMENT CLIENT YOFF,701 - Ventes de marchandises,produit,97193,0
451,2025-09-23,SERVICE LIVRAISON A DOMICILE,706 - Prestations de services,produit,25381,0
452,2025-09-24,FOURNISSEUR DIALLO IMPORT-EXPORT,601 - Achats marchandises,charge,275556,0
453,2025-09-24,RECETTE JOURNALIERE CAISSE,701 - Ventes de marchandises,produit,203043,0
454,2025-09-25,VENTE AU DETAIL BOUTIQUE,701 - Ventes de marchandises,produit,178038,0
455,2025-09-25,FRAIS PORT CONTENEUR,624 - Transport,charge,7325,0
456,2025-09-26,APPROVISIONNEMENT STOCKS GROSSISTE,601 - Achats marchandises,charge,272870,0
457,2025-09-26,RECETTE WAVE ORANGE MONEY,701 - Ventes de marchandises,produit,101731,0
458,2025-09-27,VENTES MARCHANDISES COMPTOIR,701 - Ventes de marchandises,produit,220180,0
459,2025-09-29,APPROVISIONNEMENT STOCKS GROSSISTE,601 - Achats marchandises,charge,309327,0
460,2025-09-29,RECETTE JOURNALIERE CAISSE,701 - Ventes de marchandises,produit,123607,0
461,2025-09-30,VENTES MARCHANDISES COMPTOIR,701 - Ventes de marchandises,produit,149167,0
462,2025-10-01,ENCAISSEMENT CLIENT YOFF,701 - Ventes de marchandises,produit,210242,0
463,2025-10-01,REMUNERATION MENSUELLE STAFF,621 - Salaires et charges,charge,278815,0
464,2025-10-01,FACTURE SDE EAU POTABLE,641 - Eau et électricité,charge,51461,0
465,2025-10-01,LOYER MENSUEL LOCAL COMMERCIAL,631 - Loyer local commercial,charge,150000,0
466,2025-10-01,ACHAT MARCHANDISES MARCHE SANDAGA,601 - Achats marchandises,charge,201141,0
467,2025-10-01,FACTURE SONATEL ORANGE PRO,626 - Télécommunications,charge,24686,0
468,2025-10-02,ENCAISSEMENT CLIENT YOFF,701 - Ventes de marchandises,produit,148184,0
469,2025-10-03,APPROVISIONNEMENT STOCKS GROSSISTE,601 - Achats marchandises,charge,216570,0
470,2025-10-03,RECETTE JOURNALIERE CAISSE,701 - Ventes de marchandises,produit,173578,0
471,2025-10-04,RECETTE WAVE ORANGE MONEY,701 - Ventes de marchandises,produit,117885,0
472,2025-10-05,REMBOURSEMENT INEXPLIQUE,658 - Charges diverses,charge,980000,1
473,2025-10-06,ACHAT MARCHANDISES MARCHE SANDAGA,601 - Achats marchandises,charge,235708,0
474,2025-10-06,VENTE AU DETAIL BOUTIQUE,701 - Ventes de marchandises,produit,108127,0
475,2025-10-07,TRANSPORT MARCHANDISES,624 - Transport,charge,28352,0
476,2025-10-07,VENTE AU DETAIL BOUTIQUE,701 - Ventes de marchandises,produit,297883,0
477,2025-10-08,ACHAT PRODUITS ALIMENTAIRES HLM,601 - Achats marchandises,charge,224021,0
478,2025-10-08,RECETTE JOURNALIERE CAISSE,701 - Ventes de marchandises,produit,192838,0
479,2025-10-08,FRAIS BANCAIRES CBAO,658 - Charges diverses,charge,14101,0
480,2025-10-09,ENCAISSEMENT CLIENT YOFF,701 - Ventes de marchandises,produit,166741,0
481,2025-10-10,VENTE AU DETAIL BOUTIQUE,701 - Ventes de marchandises,produit,225450,0
482,2025-10-10,FOURNISSEUR BA ET FRERES,601 - Achats marchandises,charge,329133,0
483,2025-10-11,VENTE AU DETAIL BOUTIQUE,701 - Ventes de marchandises,produit,148169,0
484,2025-10-13,APPROVISIONNEMENT STOCKS GROSSISTE,601 - Achats marchandises,charge,233934,0
485,2025-10-13,RECETTE JOURNALIERE CAISSE,701 - Ventes de marchandises,produit,163496,0
486,2025-10-14,VENTE AU DETAIL BOUTIQUE,701 - Ventes de marchandises,produit,41884,0
487,2025-10-15,ACHAT MARCHANDISES MARCHE SANDAGA,601 - Achats marchandises,charge,158784,0
488,2025-10-15,ENCAISSEMENT CLIENT YOFF,701 - Ventes de marchandises,produit,262012,0
489,2025-10-16,ENCAISSEMENT CLIENT YOFF,701 - Ventes de marchandises,produit,278698,0
490,2025-10-16,PUBLICITE FACEBOOK ADS,627 - Publicité et promotion,charge,38774,0
491,2025-10-17,RECETTE JOURNALIERE CAISSE,701 - Ventes de marchandises,produit,198675,0
492,2025-10-17,ACHAT PRODUITS ALIMENTAIRES HLM,601 - Achats marchandises,charge,326124,0
493,2025-10-18,RECETTE WAVE ORANGE MONEY,701 - Ventes de marchandises,produit,364732,0
494,2025-10-18,SERVICE LIVRAISON A DOMICILE,706 - Prestations de services,produit,124185,0
495,2025-10-20,VENTES MARCHANDISES COMPTOIR,701 - Ventes de marchandises,produit,122667,0
496,2025-10-20,FRAIS BANCAIRES CBAO,658 - Charges diverses,charge,2148,0
497,2025-10-20,FOURNISSEUR BA ET FRERES,601 - Achats marchandises,charge,269766,0
498,2025-10-21,VENTES MARCHANDISES COMPTOIR,701 - Ventes de marchandises,produit,192207,0
499,2025-10-22,FOURNISSEUR BA ET FRERES,601 - Achats marchandises,charge,219491,0
500,2025-10-22,RECETTE JOURNALIERE CAISSE,701 - Ventes de marchandises,produit,94664,0
501,2025-10-23,VENTES MARCHANDISES COMPTOIR,701 - Ventes de marchandises,produit,141205,0
502,2025-10-24,ACHAT MARCHANDISES MARCHE SANDAGA,601 - Achats marchandises,charge,193476,0
503,2025-10-24,RECETTE JOURNALIERE CAISSE,701 - Ventes de marchandises,produit,281228,0
504,2025-10-24,PUBLICITE FACEBOOK ADS,627 - Publicité et promotion,charge,67040,0
505,2025-10-25,FRAIS LIVRAISON CLIENT DAKAR,624 - Transport,charge,42799,0
506,2025-10-25,RECETTE JOURNALIERE CAISSE,701 - Ventes de marchandises,produit,179521,0
507,2025-10-27,VENTE AU DETAIL BOUTIQUE,701 - Ventes de marchandises,produit,128322,0
508,2025-10-27,ACHAT PRODUITS ALIMENTAIRES HLM,601 - Achats marchandises,charge,286189,0
509,2025-10-28,RECETTE JOURNALIERE CAISSE,701 - Ventes de marchandises,produit,271387,0
510,2025-10-29,FOURNISSEUR BA ET FRERES,601 - Achats marchandises,charge,323112,0
511,2025-10-29,RECETTE JOURNALIERE CAISSE,701 - Ventes de marchandises,produit,117765,0
512,2025-10-30,RECETTE WAVE ORANGE MONEY,701 - Ventes de marchandises,produit,168579,0
513,2025-10-31,RECETTE JOURNALIERE CAISSE,701 - Ventes de marchandises,produit,97032,0
514,2025-10-31,ACHAT MARCHANDISES MARCHE SANDAGA,601 - Achats marchandises,charge,209950,0
515,2025-11-01,SALAIRES EMPLOYES DU MOIS,621 - Salaires et charges,charge,318523,0
516,2025-11-01,FORFAIT TIGO BUSINESS,626 - Télécommunications,charge,34547,0
517,2025-11-01,ELECTRICITE ET EAU MENSUELLE,641 - Eau et électricité,charge,23217,0
518,2025-11-01,VENTE AU DETAIL BOUTIQUE,701 - Ventes de marchandises,produit,213778,0
519,2025-11-01,CARBURANT VEHICULE UTILITAIRE,624 - Transport,charge,21493,0
520,2025-11-01,LOYER MENSUEL LOCAL COMMERCIAL,631 - Loyer local commercial,charge,150000,0
521,2025-11-02,SPONSORING EVENEMENT LOCAL,627 - Publicité et promotion,charge,32821,0
522,2025-11-03,FOURNISSEUR BA ET FRERES,601 - Achats marchandises,charge,232608,0
523,2025-11-03,ENCAISSEMENT CLIENT YOFF,701 - Ventes de marchandises,produit,128160,0
524,2025-11-04,ENCAISSEMENT CLIENT YOFF,701 - Ventes de marchandises,produit,182911,0
525,2025-11-05,ACHAT MARCHANDISES MARCHE SANDAGA,601 - Achats marchandises,charge,213523,0
526,2025-11-05,RECETTE JOURNALIERE CAISSE,701 - Ventes de marchandises,produit,196227,0
527,2025-11-06,RECETTE WAVE ORANGE MONEY,701 - Ventes de marchandises,produit,176985,0
528,2025-11-07,VENTES MARCHANDISES COMPTOIR,701 - Ventes de marchandises,produit,125546,0
529,2025-11-07,ACHAT PRODUITS ALIMENTAIRES HLM,601 - Achats marchandises,charge,260884,0
530,2025-11-08,VENTE AU DETAIL BOUTIQUE,701 - Ventes de marchandises,produit,145393,0
531,2025-11-10,VENTES MARCHANDISES COMPTOIR,701 - Ventes de marchandises,produit,210055,0
532,2025-11-10,APPROVISIONNEMENT STOCKS GROSSISTE,601 - Achats marchandises,charge,340431,0
533,2025-11-11,RECETTE JOURNALIERE CAISSE,701 - Ventes de marchandises,produit,121346,0
534,2025-11-12,ACHAT MARCHANDISES MARCHE SANDAGA,601 - Achats marchandises,charge,287946,0
535,2025-11-12,ENCAISSEMENT CLIENT YOFF,701 - Ventes de marchandises,produit,225083,0
536,2025-11-13,RECETTE WAVE ORANGE MONEY,701 - Ventes de marchandises,produit,79835,0
537,2025-11-14,ACHAT MARCHANDISES MARCHE SANDAGA,601 - Achats marchandises,charge,323468,0
538,2025-11-14,VENTE AU DETAIL BOUTIQUE,701 - Ventes de marchandises,produit,140242,0
539,2025-11-15,VENTE AU DETAIL BOUTIQUE,701 - Ventes de marchandises,produit,214235,0
540,2025-11-17,APPROVISIONNEMENT STOCKS GROSSISTE,601 - Achats marchandises,charge,218939,0
541,2025-11-17,RECETTE JOURNALIERE CAISSE,701 - Ventes de marchandises,produit,71707,0
542,2025-11-18,VENTE AU DETAIL BOUTIQUE,701 - Ventes de marchandises,produit,82347,0
543,2025-11-19,ENCAISSEMENT CLIENT YOFF,701 - Ventes de marchandises,produit,195583,0
544,2025-11-19,FOURNISSEUR BA ET FRERES,601 - Achats marchandises,charge,283846,0
545,2025-11-19,SPONSORING EVENEMENT LOCAL,627 - Publicité et promotion,charge,22392,0
546,2025-11-20,VENTE AU DETAIL BOUTIQUE,701 - Ventes de marchandises,produit,218315,0
547,2025-11-21,FOURNISSEUR BA ET FRERES,601 - Achats marchandises,charge,147078,0
548,2025-11-21,RECETTE WAVE ORANGE MONEY,701 - Ventes de marchandises,produit,176035,0
549,2025-11-22,RECETTE WAVE ORANGE MONEY,701 - Ventes de marchandises,produit,107339,0
550,2025-11-24,APPROVISIONNEMENT STOCKS GROSSISTE,601 - Achats marchandises,charge,227853,0
551,2025-11-24,ENCAISSEMENT CLIENT YOFF,701 - Ventes de marchandises,produit,182843,0
552,2025-11-25,VENTES MARCHANDISES COMPTOIR,701 - Ventes de marchandises,produit,128375,0
553,2025-11-26,FOURNISSEUR DIALLO IMPORT-EXPORT,601 - Achats marchandises,charge,249235,0
554,2025-11-26,RECETTE JOURNALIERE CAISSE,701 - Ventes de marchandises,produit,240377,0
555,2025-11-26,FRAIS BANCAIRES CBAO,658 - Charges diverses,charge,10384,0
556,2025-11-27,VENTE AU DETAIL BOUTIQUE,701 - Ventes de marchandises,produit,230141,0
557,2025-11-28,APPROVISIONNEMENT STOCKS GROSSISTE,601 - Achats marchandises,charge,189623,0
558,2025-11-28,RECETTE WAVE ORANGE MONEY,701 - Ventes de marchandises,produit,211788,0
559,2025-11-29,VENTES MARCHANDISES COMPTOIR,701 - Ventes de marchandises,produit,266494,0
560,2025-11-29,FOURNITURES ET MATERIEL BUREAU,658 - Charges diverses,charge,1000,0
561,2025-11-30,DOUBLE PAIEMENT LOYER NOVEMBRE,631 - Loyer local commercial,charge,300000,1
562,2025-12-01,RECETTE WAVE ORANGE MONEY,701 - Ventes de marchandises,produit,143760,0
563,2025-12-01,SALAIRES + CHARGES SOCIALES IPRES,621 - Salaires et charges,charge,284062,0
564,2025-12-01,LOYER MENSUEL LOCAL COMMERCIAL,631 - Loyer local commercial,charge,150000,0
565,2025-12-01,FACTURE SDE EAU POTABLE,641 - Eau et électricité,charge,37563,0
566,2025-12-01,FORFAIT TIGO BUSINESS,626 - Télécommunications,charge,27885,0
567,2025-12-01,FOURNISSEUR DIALLO IMPORT-EXPORT,601 - Achats marchandises,charge,309691,0
568,2025-12-01,IMPRESSION FLYERS ET AFFICHES,627 - Publicité et promotion,charge,47164,0
569,2025-12-02,RECETTE WAVE ORANGE MONEY,701 - Ventes de marchandises,produit,170659,0
570,2025-12-03,VENTES MARCHANDISES COMPTOIR,701 - Ventes de marchandises,produit,195265,0
571,2025-12-03,ACHAT MARCHANDISES MARCHE SANDAGA,601 - Achats marchandises,charge,373422,0
572,2025-12-04,RECETTE JOURNALIERE CAISSE,701 - Ventes de marchandises,produit,200256,0
573,2025-12-05,FOURNISSEUR DIALLO IMPORT-EXPORT,601 - Achats marchandises,charge,247049,0
574,2025-12-05,ENCAISSEMENT CLIENT YOFF,701 - Ventes de marchandises,produit,150743,0
575,2025-12-06,VENTE AU DETAIL BOUTIQUE,701 - Ventes de marchandises,produit,154046,0
576,2025-12-08,RECETTE WAVE ORANGE MONEY,701 - Ventes de marchandises,produit,154740,0
577,2025-12-08,FOURNISSEUR BA ET FRERES,601 - Achats marchandises,charge,311556,0
578,2025-12-09,RECETTE JOURNALIERE CAISSE,701 - Ventes de marchandises,produit,197386,0
579,2025-12-10,ACHAT PRODUITS ALIMENTAIRES HLM,601 - Achats marchandises,charge,446032,0
580,2025-12-10,RECETTE JOURNALIERE CAISSE,701 - Ventes de marchandises,produit,232267,0
581,2025-12-11,ENCAISSEMENT CLIENT YOFF,701 - Ventes de marchandises,produit,160438,0
582,2025-12-12,ACHAT PRODUITS ALIMENTAIRES HLM,601 - Achats marchandises,charge,376097,0
583,2025-12-12,ENCAISSEMENT CLIENT YOFF,701 - Ventes de marchandises,produit,155515,0
584,2025-12-12,CARBURANT VEHICULE UTILITAIRE,624 - Transport,charge,7618,0
585,2025-12-13,RECETTE WAVE ORANGE MONEY,701 - Ventes de marchandises,produit,119514,0
586,2025-12-15,ACHAT MARCHANDISES MARCHE SANDAGA (FÊTES FIN D'ANNÉE),601 - Achats marchandises,charge,186336,0
587,2025-12-15,VENTES MARCHANDISES COMPTOIR (FÊTES FIN D'ANNÉE),701 - Ventes de marchandises,produit,257909,0
588,2025-12-16,RECETTE JOURNALIERE CAISSE (FÊTES FIN D'ANNÉE),701 - Ventes de marchandises,produit,280105,0
589,2025-12-17,APPROVISIONNEMENT STOCKS GROSSISTE (FÊTES FIN D'ANNÉE),601 - Achats marchandises,charge,470114,0
590,2025-12-17,VENTES MARCHANDISES COMPTOIR (FÊTES FIN D'ANNÉE),701 - Ventes de marchandises,produit,298615,0
591,2025-12-18,RECETTE WAVE ORANGE MONEY (FÊTES FIN D'ANNÉE),701 - Ventes de marchandises,produit,265853,0
592,2025-12-19,FOURNISSEUR DIALLO IMPORT-EXPORT (FÊTES FIN D'ANNÉE),601 - Achats marchandises,charge,402352,0
593,2025-12-19,ENCAISSEMENT CLIENT YOFF (FÊTES FIN D'ANNÉE),701 - Ventes de marchandises,produit,146331,0
594,2025-12-20,VENTES MARCHANDISES COMPTOIR (FÊTES FIN D'ANNÉE),701 - Ventes de marchandises,produit,293136,0
595,2025-12-21,FRAIS BANCAIRES CBAO,658 - Charges diverses,charge,21166,0
596,2025-12-22,ACHAT MARCHANDISES MARCHE SANDAGA (FÊTES FIN D'ANNÉE),601 - Achats marchandises,charge,217713,0
597,2025-12-22,VENTES MARCHANDISES COMPTOIR (FÊTES FIN D'ANNÉE),701 - Ventes de marchandises,produit,347625,0
598,2025-12-23,VENTE AU DETAIL BOUTIQUE (FÊTES FIN D'ANNÉE),701 - Ventes de marchandises,produit,299309,0
599,2025-12-24,ACHAT PRODUITS ALIMENTAIRES HLM (FÊTES FIN D'ANNÉE),601 - Achats marchandises,charge,302776,0
600,2025-12-24,RECETTE WAVE ORANGE MONEY (FÊTES FIN D'ANNÉE),701 - Ventes de marchandises,produit,316966,0
601,2025-12-25,ENCAISSEMENT CLIENT YOFF (FÊTES FIN D'ANNÉE),701 - Ventes de marchandises,produit,415241,0
602,2025-12-26,FOURNISSEUR DIALLO IMPORT-EXPORT (FÊTES FIN D'ANNÉE),601 - Achats marchandises,charge,350549,0
603,2025-12-26,PANNEAU PUBLICITAIRE ROUTE,627 - Publicité et promotion,charge,33515,0
604,2025-12-26,VENTE AU DETAIL BOUTIQUE (FÊTES FIN D'ANNÉE),701 - Ventes de marchandises,produit,293893,0
605,2025-12-27,RECETTE WAVE ORANGE MONEY (FÊTES FIN D'ANNÉE),701 - Ventes de marchandises,produit,228009,0
606,2025-12-27,FOURNITURES ET MATERIEL BUREAU,658 - Charges diverses,charge,21642,0
607,2025-12-28,SERVICE LIVRAISON A DOMICILE,706 - Prestations de services,produit,55037,0
608,2025-12-29,ACHAT MARCHANDISES MARCHE SANDAGA (FÊTES FIN D'ANNÉE),601 - Achats marchandises,charge,341725,0
609,2025-12-29,RECETTE JOURNALIERE CAISSE (FÊTES FIN D'ANNÉE),701 - Ventes de marchandises,produit,250340,0
610,2025-12-30,VENTE AU DETAIL BOUTIQUE (FÊTES FIN D'ANNÉE),701 - Ventes de marchandises,produit,307738,0
611,2025-12-31,ACHAT MARCHANDISES MARCHE SANDAGA (FÊTES FIN D'ANNÉE),601 - Achats marchandises,charge,362692,0
612,2025-12-31,VENTE AU DETAIL BOUTIQUE (FÊTES FIN D'ANNÉE),701 - Ventes de marchandises,produit,341252,0
